Ref,Value/Description,Manufacturer,Manufacturer Part Number,Footprint,Qty (1 build),Unit Price (USD),Sourcing Confidence / Notes
U1,STM32G031K8T6 MCU,STMicroelectronics,STM32G031K8T6,Package_QFP:LQFP-32_7x7mm_P0.8mm,1,2.83,"CONFIRMED - bom/component-selection.md MCU Approval (DigiKey/Mouser qty1, DS-MCU-018)"
U2,BMI270 IMU,Bosch Sensortec,BMI270,Package_LGA:Bosch_LGA-14_3x2.5mm_P0.5mm,1,4.23,"CONFIRMED - bom/component-selection.md IMU Approval (DigiKey qty1, DS-IMU-012)"
U3,TLV75533PDBVR LDO 3.3V,Texas Instruments,TLV75533PDBVR,Package_TO_SOT_SMD:SOT-23-5,1,0.45,"CONFIRMED - bom/component-selection.md Power Regulator Approval (DigiKey qty1, DS-PWR-009)"
U4,USBLC6-2SC6 ESD protection,STMicroelectronics,USBLC6-2SC6,Package_TO_SOT_SMD:SOT-23-6,1,,"OPEN ITEM - real MPN (exact orderable part), already used as-is from Rev 2 schematic; unit price not independently re-sourced this session"
U5,DRV10983 sensorless BLDC motor driver,Texas Instruments,DRV10983PWPR,Package_SO:HTSSOP-24-1EP_4.4x7.8mm_P0.65mm_EP3.2x5mm,1,2.58,"CONFIRMED - bom/component-selection.md Motor Driver IC Approval (DigiKey qty1 PWPR cut-tape, DS-MTR-040)"
U6,TPS26631PWPR eFuse/load-switch supervisory controller,Texas Instruments,TPS26631PWPR,Package_SO:HTSSOP-20-1EP_4.4x6.5mm_P0.65mm_EP3.4x6.5mm_Mask2.96x2.96mm_ThermalVias,1,4.52,"CONFIRMED - bom/component-selection.md Motor-Rail Supervisory Controller Approval (DigiKey qty1 cut-tape, DS-PROT-014; human-verified ~$4.52/unit)"
MOTOR (off-board),T-Motor MN2206-13 KV2000 sensorless BLDC reaction-wheel motor,T-Motor (Nanjing Tiger Motor Technology),MN2206-13 KV2000,N/A - off-board; mounts to separate mechanical bearing/flywheel structure; wired to this PCB via M1 (3-position terminal block),1,18.99,"CONFIRMED - bom/component-selection.md Motor Approval (DS-MTR-023). Not a PCB reference designator - do not confuse with M1 (the PCB-side connector below)"
J4,Same Sky (formerly CUI Devices) PJ-102AH right-angle THT barrel jack,Same Sky,PJ-102AH,Connector_BarrelJack:BarrelJack_CUI_PJ-102AH_Horizontal,1,,"CONFIRMED real MPN (DS-CONN-005) - unit price not independently re-sourced this session; ASSUMPTION flagged separately for its exact tip/sleeve/switch pin mapping (see hardware/schematic/bench-imu-01/README.md)"
D2,STPS3L60 60V/3A Schottky rectifier (SMB),STMicroelectronics,STPS3L60,Diode_SMD:D_SMB,1,,"CONFIRMED base MPN (DS-PROT-005); exact tape/reel ordering suffix not independently re-verified this session (a secondary source suggested STPS3L60U-STTR, inconsistent with the base part's own datasheet name - flagged rather than risk citing a wrong SKU)"
D3,SMBJ16A unidirectional TVS (SMB),Littelfuse,SMBJ16A,Diode_SMD:D_SMB,1,,"CONFIRMED base MPN (DS-PROT-004); DigiKey's own product listing (digikey.com/.../littelfuse-inc/SMBJ16A/688274) confirms 'SMBJ16A' as the real, directly-orderable part; unit price not independently re-sourced this session"
F1,Littelfuse 30R500UF radial-leaded PTC resettable fuse,Littelfuse,30R500UF,bench-imu-01:Fuse_Littelfuse_30R500UF_Radial_D14.0mm_P10.2mm,1,1.62,"CONFIRMED - datasheets/evidence-log.md DS-PROT-009/032/033 (Component Engineer's own prior pricing research, distributor qty1)"
J1,USB-C receptacle (16-pin USB2.0-only),OPEN ITEM,OPEN ITEM,Connector_USB:USB_C_Receptacle_GCT_USB4105-xx-A_16P_TopMnt_Horizontal,1,,"OPEN ITEM - design doc explicitly states 'J1's exact MPN is not formally selected' (schematic README); footprint is illustrative (GCT USB4105 family, matched for pin count/height only). Real MPN sourcing needed before fabrication (e.g. a specific GCT USB4105-xx-A variant, or an equivalent 16-pin USB2.0-only USB-C receptacle from another manufacturer)"
J2,4-pin 2.54mm pin header (UART),OPEN ITEM (generic),OPEN ITEM,Connector_PinHeader_2.54mm:PinHeader_1x04_P2.54mm_Vertical,1,,"OPEN ITEM - a standard, low-cost, multi-source generic part (e.g. any manufacturer's 1x4 2.54mm-pitch straight pin header); real MPN not independently sourced this session given its highly generic/multi-source nature"
J3,4-pin 2.54mm pin header (SWD),OPEN ITEM (generic),OPEN ITEM,Connector_PinHeader_2.54mm:PinHeader_1x04_P2.54mm_Vertical,1,,"OPEN ITEM - same as J2"
M1,3-position 5.0mm-pitch terminal block (motor phase U/V/W interconnect),MaiXu,MX126-5.0-03P,TerminalBlock:TerminalBlock_MaiXu_MX126-5.0-03P_1x03_P5.00mm,1,,"CONFIRMED family/MPN via the real KiCad footprint library's own part-specific name (MaiXu MX126-5.0-03P); unit price not independently sourced this session. PCB Engineer's own ASSUMPTION for the interconnect choice itself (design doc left M1's connector unresolved) - see hardware/schematic/bench-imu-01/README.md"
SW1,Momentary N.O. pushbutton (6mm THT),OPEN ITEM (generic),OPEN ITEM,Button_Switch_THT:SW_PUSH_6mm,1,,"OPEN ITEM - design doc explicitly states no exact MPN selected; a standard, low-cost, multi-source generic 6mm THT tactile switch"
D1,Generic indicator LED (0603),OPEN ITEM (generic),OPEN ITEM,LED_SMD:LED_0603_1608Metric,1,,"OPEN ITEM - design doc explicitly states 'MPN not selected'; a standard, low-cost, multi-source generic 0603 LED (color/Vf not specified by the design either)"
R1,5.1k 1% 0603,Yageo,RC0603FR-075K1L,Resistor_SMD:R_0603_1608Metric,1,0.10,"Real, standard Yageo RC-series MPN formed per Yageo's own published naming convention for this value/package (confirmed convention via a live DigiKey listing this session); not individually spot-checked against a live distributor page per line item"
R2,5.1k 1% 0603,Yageo,RC0603FR-075K1L,Resistor_SMD:R_0603_1608Metric,1,0.10,"Same as R1"
R3,4.7k 1% 0603,Yageo,RC0603FR-074K7L,Resistor_SMD:R_0603_1608Metric,1,0.10,"Same convention as R1"
R4,4.7k 1% 0603,Yageo,RC0603FR-074K7L,Resistor_SMD:R_0603_1608Metric,1,0.10,"Same as R3"
R5,330R 1% 0603,Yageo,RC0603FR-07330RL,Resistor_SMD:R_0603_1608Metric,1,0.10,"Same convention as R1"
R6,4.75k 1% 0603,Yageo,RC0603FR-074K75L,Resistor_SMD:R_0603_1608Metric,1,0.10,"Same convention as R1"
R7,4.75k 1% 0603,Yageo,RC0603FR-074K75L,Resistor_SMD:R_0603_1608Metric,1,0.10,"Same as R6"
R8,4.75k 1% 0603,Yageo,RC0603FR-074K75L,Resistor_SMD:R_0603_1608Metric,1,0.10,"Same as R6"
R9,39R 1/4W 1206,Yageo,RC1206FR-0739RL,Resistor_SMD:R_1206_3216Metric,1,0.10,"Same convention as R1 - 1206 package chosen for its stated 1/4W power rating (see hardware/schematic/bench-imu-01/README.md), not 0603"
R10,1k 1% 0603,Yageo,RC0603FR-071KL,Resistor_SMD:R_0603_1608Metric,1,0.10,"Same convention as R1"
R11,10k 1% 0603,Yageo,RC0603FR-0710KL,Resistor_SMD:R_0603_1608Metric,1,0.10,"Same convention as R1"
R12,887k 1% 0603,Yageo,RC0603FR-07887KL,Resistor_SMD:R_0603_1608Metric,1,0.10,"Same convention as R1 (E96 1% value)"
R13,60.4k 1% 0603,Yageo,RC0603FR-0760K4L,Resistor_SMD:R_0603_1608Metric,1,0.10,"Same convention as R1 (E96 1% value)"
R14,88.7k 1% 0603,Yageo,RC0603FR-0788K7L,Resistor_SMD:R_0603_1608Metric,1,0.10,"Same convention as R1 (E96 1% value)"
R15,3.57k 1% 0603,Yageo,RC0603FR-073K57L,Resistor_SMD:R_0603_1608Metric,1,0.10,"Same convention as R1 (E96 1% value)"
C1,1uF ceramic 0603,OPEN ITEM (generic X7R),OPEN ITEM,Capacitor_SMD:C_0603_1608Metric,1,,"OPEN ITEM - generic ceramic MLCC family/value/package identified (e.g. Samsung CL-series or Yageo CC-series X7R 0603); full exact orderable code (voltage/tolerance sub-codes) not independently resolved this session, disclosed rather than guessed"
C2,0.47uF ceramic 0603,OPEN ITEM (generic X7R),OPEN ITEM,Capacitor_SMD:C_0603_1608Metric,1,,"Same as C1"
C3,100nF ceramic 0603,OPEN ITEM (generic X7R),OPEN ITEM,Capacitor_SMD:C_0603_1608Metric,1,,"Same as C1"
C4,100nF ceramic 0603,OPEN ITEM (generic X7R),OPEN ITEM,Capacitor_SMD:C_0603_1608Metric,1,,"Same as C1"
C5,100nF ceramic 0603,OPEN ITEM (generic X7R),OPEN ITEM,Capacitor_SMD:C_0603_1608Metric,1,,"Same as C1"
C6,100nF ceramic 0603,OPEN ITEM (generic X7R),OPEN ITEM,Capacitor_SMD:C_0603_1608Metric,1,,"Same as C1"
C7,100nF ceramic 0603,OPEN ITEM (generic X7R),OPEN ITEM,Capacitor_SMD:C_0603_1608Metric,1,,"Same as C1"
C8,1uF ceramic 0603,OPEN ITEM (generic X7R),OPEN ITEM,Capacitor_SMD:C_0603_1608Metric,1,,"Same as C1"
C9,1uF ceramic 0603,OPEN ITEM (generic X7R),OPEN ITEM,Capacitor_SMD:C_0603_1608Metric,1,,"Same as C1"
C10,10uF ceramic 0805,OPEN ITEM (generic X7R/X5R),OPEN ITEM,Capacitor_SMD:C_0805_2012Metric,1,,"OPEN ITEM - 0805 chosen over 0603 specifically for DC-bias-derating margin at this value/voltage (see hardware/schematic/bench-imu-01/README.md); exact orderable code not resolved this session"
C11,0.1uF ceramic 0603,OPEN ITEM (generic X7R),OPEN ITEM,Capacitor_SMD:C_0603_1608Metric,1,,"Same as C1"
C12,0.1uF ceramic 0603 (>=VCCx2 rated),OPEN ITEM (generic X7R),OPEN ITEM,Capacitor_SMD:C_0603_1608Metric,1,,"Same as C1 - voltage rating >=26V required per design doc; disclose this constraint to whoever sources the exact SKU"
C13,10uF ceramic 0805,OPEN ITEM (generic X7R/X5R),OPEN ITEM,Capacitor_SMD:C_0805_2012Metric,1,,"Same as C10"
C14,1uF ceramic 0603,OPEN ITEM (generic X7R),OPEN ITEM,Capacitor_SMD:C_0603_1608Metric,1,,"Same as C1"
C15,1uF ceramic 0603,OPEN ITEM (generic X7R),OPEN ITEM,Capacitor_SMD:C_0603_1608Metric,1,,"Same as C1"
C16,1uF ceramic 0603 (>=16-25V rated),OPEN ITEM (generic X7R),OPEN ITEM,Capacitor_SMD:C_0603_1608Metric,1,,"Same as C1 - on the VM_MOTOR domain (9-13V), needs an adequate voltage rating"
C17,22nF ceramic 0603,OPEN ITEM (generic X7R/C0G),OPEN ITEM,Capacitor_SMD:C_0603_1608Metric,1,,"Same as C1 - a timing capacitor (dVdT); C0G/NP0 dielectric may be preferable for value stability, not specified by the design doc"
MH1,M2.5 mounting hole hardware (screw + optional standoff),OPEN ITEM (generic hardware),OPEN ITEM,MountingHole.pretty:MountingHole_2.7mm_M2.5 (no electrical net),4 (MH1-MH4),,"OPEN ITEM - generic M2.5 fastener hardware, not a PCB-populated component; quantity is 4 (one per mounting hole)"
